{"schema_version":"1.0.0","ticker":"SPY","as_of":"2026-02-15T21:34:05.606975","horizons":[{"horizon":"1m","direction":{"up":0.3333333333333333,"down":0.3333333333333333,"flat":0.3333333333333333},"drift_bps":0.0,"cone":{"p50_bps":0.0,"p75_bps":0.0,"p90_bps":0.0,"annualized_sigma":0.0},"confidence":0.0},{"horizon":"5m","direction":{"up":0.3333333333333333,"down":0.3333333333333333,"flat":0.3333333333333333},"drift_bps":0.0,"cone":{"p50_bps":0.0,"p75_bps":0.0,"p90_bps":0.0,"annualized_sigma":0.0},"confidence":0.0},{"horizon":"1d","direction":{"up":0.3333333333333333,"down":0.3333333333333333,"flat":0.3333333333333333},"drift_bps":0.0,"cone":{"p50_bps":0.0,"p75_bps":0.0,"p90_bps":0.0,"annualized_sigma":0.0},"confidence":0.0}],"meta":{}}